CityID,CityName,Population,Area,CulturalSites
1,Paris,2250000,250.0,7
2,Marseille,851000,240.6,7
3,Lyon,491000,47.87,1
4,Toulouse,447000,118.3,4
5,Nice,344000,71.9,3
6,GCnYfE,1937534,4075.76,3
7,gmTA,550832,3160.19,6
8,tXCA,1190719,3468.78,4
9,AtawC,942912,319.06,6
10,sjGV,4336033,1467.29,3
11,aqLRH,55182,1423.17,5
12,dzeZMc,903652,1652.88,2
13,RWIKss,1029760,4238.86,4
14,rqynV,1666656,3289.39,3
15,jiEHg,4697399,3176.19,2
16,wxOfMT,4307211,2726.65,4
17,bBUVtO,2872468,3098.1,2
18,Qtzzi,174577,3750.59,5
19,XoDQVr,4894737,2859.59,3
20,gbLFTk,4031856,3787.42,5
21,iauc,3047373,3576.76,2
22,cakt,3766463,1186.2,4
23,EZHnB,2058140,1197.78,3
24,TMLF,3583318,3135.92,3
25,nxMg,1477289,2737.14,2
26,enTWYc,4515845,664.38,7
27,UajxC,1525679,437.03,6
28,rJTGvR,480514,1123.0,2
29,YndGbF,1928997,1773.25,3
30,KKozm,652052,821.29,2
31,CskZyB,412759,3777.76,5
32,xOeQr,2705202,4181.95,6
33,jdyMt,1100904,2347.69,6
34,imCgc,1878271,1459.48,7
35,gPdd,3786349,4808.28,4
36,ZvvKD,3633216,1476.14,4
37,dXxco,1066981,3338.0,5
38,BSuj,1780337,2027.22,3
39,BqqqUG,1890202,1312.29,4
40,vgNkBN,4747045,2769.69,2
41,nTwb,1171379,288.75,5
42,nAoZ,2282936,4537.2,6
43,fXFmE,2470418,958.65,2
44,XzmlB,2141182,3743.27,5
45,WpMfC,1131670,4293.84,6
46,tmyDxE,2248702,3400.49,5
47,Nwbt,1315161,991.71,4
48,GYFx,1949126,668.87,3
49,cxWst,2952938,3578.78,2
50,lKHbWC,2748327,1162.34,2
51,ZecVmh,1622638,850.81,3
52,xSSdl,2870261,412.15,3
53,Npmr,3916339,3770.76,3
54,DcvAS,91900,825.49,6
55,iZZN,1658069,1949.43,6
56,RMeUsq,1400488,2549.84,4
57,Gyth,589350,2885.43,3
58,SnflT,2275288,2447.41,7
59,xZvlIC,108106,2361.71,6
60,tjuHAR,1244984,4147.39,2
61,pVhzJ,4038316,1480.46,6
62,hptUH,2093016,2585.83,7
63,zQBdkZ,3668820,4042.06,3
64,QiYz,4806799,830.01,2
65,ocNK,4781990,1688.22,2
66,GNxQ,2867326,2060.61,2
67,Quxg,2612976,1060.84,3
68,UDqndW,743307,2494.58,7
69,QRhVA,4186397,3416.96,7
70,bwqFIY,3058710,3135.5,6
71,OcxB,961900,1002.09,7
72,rSURhO,766072,4096.85,2
73,ujKyM,1907633,1374.14,5
74,qLpnn,4375649,4404.05,2
75,BlMp,4836574,1715.96,7
76,HCTpV,4033531,3973.7,3
77,AzFWls,1746218,2283.41,2
78,TtUkJ,3298818,4351.08,6
79,yCHb,1953314,1048.93,2
80,nRgz,2071781,2550.77,5
81,DMFvWF,1193337,2607.09,3
82,fDooze,1102858,617.64,5
83,VZRP,4687085,1717.09,4
84,DgoYUb,15640,2778.02,5
85,rVDWMQ,1819397,2562.63,5
86,oPdNkg,491009,2557.37,4
87,VUKY,1758905,3437.49,2
88,SkKy,632452,1261.84,4
89,UmwWmD,2410210,2167.19,3
90,OJQK,1884298,2982.48,2
91,MfdA,3231771,855.93,3
92,sRMO,2451155,2061.07,4
93,KAwppV,2916073,2744.1,4
94,hPCg,1476322,3034.67,5
95,mZLHqY,459865,467.42,4
96,CTjYot,726196,4417.8,2
97,sYHMjT,2576145,3239.71,2
98,GXoJ,3007595,1900.62,2
99,owPfq,2026165,4054.88,6
100,Spxk,659600,4456.19,6
101,cZdew,3681287,760.53,7
102,PJEfhT,1371094,2616.0,5
103,RHxmZT,3895471,398.1,2
104,Cvwrir,4856832,1810.36,2
105,YDSs,2220061,453.01,4
106,YQKBU,1069899,1208.12,2
107,aSuMKZ,2574820,3426.8,6
108,SnYo,1625129,3557.81,3
109,BLnsp,112726,3125.6,2
110,cWCq,4271022,2680.78,6
111,IHIIpd,2498518,4070.42,5
112,pwSEu,3046566,3037.35,2
113,ikAgfL,4330205,696.19,5
114,kJfYjX,510008,4118.35,4
115,gyfsi,4515528,343.64,3
116,sVdb,3892869,1520.7,5
117,wBYHQ,1682917,702.3,4
118,AYJw,3364508,3191.03,2
119,lvqQ,3276011,3766.95,2
120,hzRyu,1193848,4872.68,6
121,PGau,496348,4131.49,7
122,yFLL,4922287,2735.76,7
123,JhmwAg,4780668,3469.18,7
124,daUnON,4877414,2067.27,3
125,cKVQrv,1131694,4516.49,5
126,JwnX,1582622,3307.72,5
127,ADCzk,4996833,4020.73,5
128,AreQ,531940,2467.51,6
129,FWvS,3087907,4579.78,5
130,gOtpXx,2276150,740.43,7
131,YcnOZ,2047011,1874.98,4
132,etXei,1110110,4620.42,5
133,CVtF,3660508,1133.65,5
134,KglHy,329249,3840.79,2
135,blPyx,2830154,955.74,5
136,kmGHk,1527678,3321.6,6
137,FCQvR,1990083,2117.05,5
138,OcvR,3397347,1104.62,4
139,XYZSN,1747773,3816.7,5
140,BuXgO,2948377,419.28,7
141,qnOYN,4441555,3753.91,5
142,XDiuPR,2512203,1751.47,5
143,pLiQa,2263941,4740.95,2
144,mFoZG,3583967,4911.88,2
145,ULeFB,3515108,2297.63,5
146,ZLkTrx,3438524,2736.83,7
147,pswFU,1982883,3361.08,3
148,MFFI,3616266,4269.7,4
149,rbLu,3310509,2458.72,4
150,oZmfDv,444696,802.61,3
151,ljbpGp,1592241,4439.21,7
152,ccNox,911364,477.81,4
153,lWCz,4456267,3607.73,7
154,pUQJrE,2771300,477.31,7
155,FbndyM,2020424,372.79,3
156,KHPGdX,1513981,813.89,4
157,DOGQq,443626,1212.2,3
158,BKYTI,1012435,3184.57,5
159,fokRWm,2726435,4095.65,4
160,RelB,326654,1230.56,6
161,tQOQKB,3429514,1211.48,5
162,XUbl,1738783,4149.12,2
163,sObc,4045160,1139.63,6
164,nhsrTj,4786972,4442.95,7
165,vqRN,2268116,1945.25,6
166,XGLOU,3494370,756.31,4
167,WXbFG,732843,770.03,7
168,XDinA,2167991,2725.29,7
169,GBkCAK,1455663,3830.96,7
170,IzVh,4688156,3622.88,2
171,sdbc,4723546,4370.37,5
172,JJmU,993492,2613.04,7
173,WpaNr,1146936,3137.16,5
174,VwLcE,952620,3627.13,5
175,ptKd,1712674,262.19,5
176,AHsqH,1801145,2947.5,6
177,UQic,4226762,3056.91,4
178,rcFSN,1225880,525.84,7
179,nlfJav,2721791,4629.48,3
180,aBFz,4628792,4038.89,5
181,TIanrC,369518,3568.43,2
182,gFNqWW,3396616,2968.07,7
183,pZAoHk,4552552,3927.94,6
184,tUlYZ,1879798,2057.14,5
185,Fjysj,2661218,3361.26,5
186,wzkcZw,2605779,2571.35,5
187,NdhFu,4229271,4263.52,4
188,GfNARC,4532775,1964.84,6
189,TqpHP,1708155,2707.6,4
190,kUuKVh,2382191,1766.6,2
191,oJPcG,317465,1749.27,2
192,otTq,3439194,1775.51,6
193,wdCxg,4984051,2158.96,6
194,KUiaO,2670556,4728.93,6
195,CZjVA,420318,386.02,6
196,sMPJgv,2017678,638.88,3
197,yOet,4280079,203.33,6
198,XqwKls,2496121,3991.7,7
199,hIXJ,1568465,2551.28,3
200,IhGa,4449724,2751.91,5
201,aFtiXg,4352641,4309.6,7
202,UiFice,1178458,4767.97,6
203,HNfUuk,1566639,2777.17,6
204,FDms,4794932,281.26,3
205,AeQxu,1951892,1181.17,4
206,Stuiv,4476024,698.42,6
207,ybCD,2838089,1803.1,3
208,KBpo,4640792,3619.72,7
209,RDOI,2633076,4465.29,2
210,ikVsPC,1779696,554.16,2
211,xiiRI,2813204,1494.22,2
212,chgRI,1982828,1961.94,6
213,UmGQ,1876627,1649.85,4
214,oFTiF,3488556,4878.11,2
215,ibPUx,98426,972.62,7
216,YVplxb,2085850,860.28,5
217,MAvlP,499937,1933.24,5
218,rVonb,4283413,3108.47,5
219,MVqr,2656769,4359.07,7
220,ppYd,4266630,256.24,3
221,UYoG,4490001,808.95,2
222,BZMTnD,4846240,2066.98,2
223,wTIss,3896376,2849.03,4
224,XwxTDc,2145501,1729.51,2
225,EMLv,612001,602.18,3
226,KUBoZd,902803,3487.76,5
227,qQCtO,2276314,4531.64,2
228,gnNGXO,1376946,1544.88,7
229,HJCdJ,3456387,3138.32,6
230,pEYjLK,854266,1226.43,6
231,cCGdg,2581604,2094.64,4
232,UqlO,3453102,2077.26,7
233,qYOMXY,345153,4075.86,7
234,CaYfsf,2289433,3275.41,7
235,QaVD,1661009,552.89,2
236,ZAArM,4749959,3245.68,2
237,OVIlAK,4535171,4083.46,6
238,aMHl,910219,2324.08,5
239,PtLigf,1279126,259.85,4
240,ycQQO,4062578,4176.32,4
241,bKGUp,4348955,354.58,2
242,ImGE,990467,2246.07,7
243,Mhoh,3584587,2556.69,7
244,CxXGR,862208,1614.9,5
245,lWvnDI,753155,4986.13,2
246,LIYjn,4188316,3478.05,4
247,mMMV,3105199,3317.44,7
248,GDIhw,1081816,3753.34,5
249,EePa,2410302,3732.89,7
250,APUqF,2668536,2631.65,2
251,pjMI,1777504,894.0,6
252,wTlqfh,4299889,3957.71,2
253,REDgno,3977981,4728.17,7
254,ZOHWR,2749747,3145.19,5
255,SivitS,2000930,302.71,4
256,OqCGOA,203049,1306.16,5
257,iVOR,4300666,3996.49,2
258,dlpiaK,1581930,4970.75,2
259,jLQtC,4163854,3474.66,6
260,UBQj,861589,1656.99,7
261,AQOnnm,2758598,4711.5,3
262,isQIYX,4020173,2070.95,7
263,CQdPg,1247783,2690.23,4
264,dpZbVb,2691040,4299.01,2
265,ryAhM,4761054,1586.71,6
266,UZQKpR,3032799,4672.81,4
267,hwynyJ,4843859,1844.51,2
268,DIsq,4485690,3316.82,6
269,GyELH,2947073,2458.98,3
270,ooXk,4409549,3347.28,3
271,yTdp,3064536,2122.21,3
272,ZMgFy,839503,1818.39,4
273,BsqaS,3772430,1414.47,7
274,eHlw,19463,2336.78,5
275,HrHt,4448313,4579.77,3
276,ohgou,2019024,1997.77,4
277,HIseLm,1531509,2228.62,6
278,nczaN,1082862,2140.61,4
279,dFcsW,1717224,2337.2,4
280,emdcd,501838,517.86,6
281,YUjKG,2479249,3528.76,6
282,pOIv,3151731,1542.02,6
283,VBAeb,1901589,226.03,5
284,BIsTIQ,4234887,2263.76,2
285,yose,1962498,1380.63,7
286,ctmEJF,3815082,1256.51,4
287,aXsbiU,3222908,4628.12,6
288,DESgM,3256422,4205.17,6
289,gYtc,4328989,4630.13,4
290,hoGwZ,1038372,3355.38,4
291,pIxPVC,4009711,4026.6,7
292,mzvXd,1845861,3178.93,2
293,agseSZ,3047777,2979.54,5
294,xeoEd,2584318,2522.01,2
295,NSsr,4434184,1267.88,3
296,PIoyPA,966050,1749.9,4
297,fYBCu,1781997,4302.15,3
298,szvfbj,2567934,1108.92,5
299,nVXRD,3232606,4880.1,6
300,nQqUiU,2786810,3940.62,5
301,xmtc,3067276,4560.8,5
302,ZCOwv,4306723,703.03,7
303,ulEL,3403675,3090.34,3
304,PbXD,1947665,772.08,5
305,IphJnx,842816,4205.35,6
306,bjbEb,1795236,781.02,3
307,aPQRO,210062,1422.61,3
308,DyClKk,4030988,3666.75,3
309,LIxu,4507494,3055.34,4
310,LQGBt,2027831,2216.78,7
311,dhgfw,4947892,3427.88,4
312,SHHzae,570205,582.71,6
313,ZMst,3271080,3903.45,3
314,pHAvrr,1637562,2493.57,2
315,RiXb,4308420,873.3,6
316,cpAVCd,1220015,3947.84,7
317,VtqVx,2257291,2129.84,7
318,ESKFIK,3259900,2090.84,7
319,xyGQn,500678,4690.65,2
320,hhqJ,1756288,2314.68,4
321,BYfT,2758227,1891.18,3
322,pHhY,4268395,2215.02,7
323,YXANu,2111998,3381.94,3
324,hTzuQX,1108844,4352.05,3
325,RmMPpP,599014,4250.98,2
326,VIaL,4934579,3429.23,7
327,zcSMf,782733,2007.06,5
328,CUqjt,900283,335.5,4
329,ghHRAU,4009136,1139.87,4
330,TxFj,3487581,1169.6,4
331,OdZtT,185601,4819.53,6
332,zwfuBA,2432266,2826.59,3
333,kLVVqL,1159589,4051.61,2
334,iaRexV,4530818,941.14,4
335,NryJS,1545130,3890.21,4
336,PVtUWN,437406,2646.26,4
337,PDDe,4702932,3199.89,2
338,hDprbY,4776755,4822.24,6
339,MDJW,266617,2423.48,4
340,OlSwJi,4595284,4051.51,5
341,WuYWiF,3792831,1048.26,4
342,DcwL,698863,3771.4,5
343,GHeonA,3708357,703.59,7
344,BVcm,83123,2991.42,5
345,dHEQSe,2322445,3789.94,6
346,XxWi,2203757,3025.18,3
347,zoGJpQ,316638,4848.81,6
348,NRSBGr,2430979,181.73,4
349,QCTjvA,3741306,2814.9,5
350,ZIghF,3255357,2877.66,5
351,jylrg,529681,3760.72,7
352,ckwQ,1223923,2263.07,4
353,DjKT,2121634,2579.17,4
354,wvqXyM,1098912,2798.41,5
355,UePDet,3431159,4821.18,2
356,fYZVnL,1536088,4782.29,5
357,otGvM,3246489,4641.56,4
358,nEGkvN,3494580,898.62,6
359,Vwhlw,1027880,2966.52,5
360,lTIb,3343179,234.62,6
361,QpMo,3160415,1451.48,4
362,THVO,168450,4603.79,7
363,FVBQ,767154,1957.82,3
364,MGrDM,1790763,4894.25,5
365,jNQNm,5206,755.96,3
366,Izib,2657653,3008.03,6
367,giQHj,3813768,2494.66,6
368,koWXR,2213621,353.31,4
369,virxE,2422769,500.5,5
370,AGvymE,2603330,2965.12,2
371,nRpMwz,2429253,4644.46,3
372,FItmFN,3959369,4759.86,4
373,ZQaEB,4805968,1933.88,3
374,knYeKy,2488597,4900.72,7
375,BpOu,3050607,1874.77,7
376,MPOsBw,2123783,4046.7,6
377,yOFW,1320228,1733.14,2
378,PObhU,521215,895.92,2
379,kPCA,2570971,1433.99,6
380,CleZy,4560227,3561.36,5
381,kKoS,3830603,1137.53,3
382,OWMl,3357980,3636.03,2
383,bELuZ,2093884,2027.34,2
384,EBcA,846883,3806.83,5
385,wXrS,1550682,629.02,6
386,DAZTiM,3979203,4807.49,4
387,Psymic,2872728,2256.8,5
388,gOpwd,1696414,4656.17,6
389,pjBRYk,1008371,4588.69,5
390,pRRTU,2455752,3432.03,6
391,dFYbP,3128114,1296.69,5
392,LTClWY,2139129,1891.84,3
393,SZXhBm,4230681,4401.6,6
394,OAgyk,1712649,968.72,7
395,djym,705901,1132.15,3
396,qeeR,2531672,1079.04,4
397,RBCzUE,2847782,240.59,5
398,LZLLir,4682035,1231.21,2
399,ITVdbh,4866923,211.82,7
400,fvvxd,1690392,2133.56,7
401,VMlXg,977379,644.86,7
402,SMyBx,3981703,506.52,5
403,STGG,2051424,2838.06,7
404,bQVz,2863024,4665.79,5
405,PZSC,4070411,192.64,4
406,BRPZiM,588223,2825.34,7
407,Auui,2074190,461.7,3
408,fNoU,768675,4906.18,7
409,sjjLP,381966,558.54,6
410,hFVb,2336875,4992.83,7
411,UytTp,1632014,3187.5,3
412,dubYb,329286,2644.32,7
413,BlCZTK,931346,4511.76,7
414,qGauUs,261653,3032.22,3
415,RKak,2914,3654.27,3
416,dbsk,181615,2021.53,4
417,xwsM,1880911,3474.57,5
418,YQaGL,4276990,1563.35,7
419,UkNBH,1976270,2419.43,4
420,fFASY,940752,1362.79,2
421,ZVgJZI,1991532,940.3,6
422,EWzLaP,4292528,2223.17,4
423,auvoz,3631089,4764.69,6
424,TFbENo,4432838,1481.06,7
425,DzOgJ,3065711,4698.84,7
426,QJfEo,2916861,1695.07,7
427,TZDr,265452,2456.78,7
428,hUom,4410507,3940.73,4
429,Nawd,3964850,959.09,7
430,GysFTp,2397434,2253.95,6
431,FCmcSv,2452148,3937.86,2
432,njfQjC,1966169,3474.63,2
433,UYpz,1246191,3737.79,3
434,rlqKy,3155271,3872.76,7
435,BYkL,2960442,3595.61,3
436,lLtPd,3009566,2875.23,4
437,DiBMnr,1348471,4504.75,6
438,rqEt,4834841,3811.97,6
439,XMhvb,52847,177.23,6
440,nuItut,3107168,4566.92,5
441,fyCE,823239,427.45,2
442,lZOD,349454,482.6,7
443,vxRE,1218092,2464.44,7
444,FyxtNJ,3717025,1266.29,2
445,SlroE,4014316,4330.69,7
446,txdnpq,169896,1284.39,2
447,BhFOXh,2159779,1390.57,5
448,NeNUp,849418,2469.78,6
449,qyceXF,4073847,4468.08,2
450,EOSkEC,4268564,1241.57,7
451,KuzMP,323592,2968.37,4
452,TScsa,3285450,3546.85,3
453,kJFM,3089703,2937.52,7
454,OGgv,2955802,954.36,6
455,zkVH,4796063,598.29,3
456,mwdLk,3030157,483.68,7
457,iBxTmu,2205818,240.76,7
458,ggSY,2164458,1721.76,7
459,lFCW,2156094,4935.28,3
460,FIZe,4291785,662.65,7
461,UUJlL,4663168,1841.29,2
462,QEtvs,1993318,1370.26,6
463,kNqe,4426060,4820.64,4
464,yAGje,1679916,4890.26,6
465,MtaPy,2063628,870.54,4
466,lCZrx,4106036,3139.14,5
467,YzbrBT,2325121,618.21,7
468,wrGje,1609095,2343.4,7
469,hTQo,992946,4039.0,6
470,geOKzN,158787,1690.41,7
471,RrJG,2303823,1531.39,7
472,aQWuh,4010835,540.02,7
473,yDpYYv,647157,485.72,6
474,gAIa,4655248,4491.15,2
475,nhpM,4116499,4226.65,4
476,nHek,4740691,3866.34,5
477,THaTf,1623412,2326.83,6
478,vptv,2644340,2720.53,6
479,VkFYh,4486464,4584.03,7
480,aHWpEt,614549,2782.48,3
481,Akvusa,148460,228.1,6
482,NWAiBw,1515336,4609.23,6
483,LiAK,214745,1008.98,3
484,qVpqKV,3217786,1277.68,4
485,CUBNen,2664785,4916.03,6
486,uMoDC,3052326,3714.75,6
487,bFJKx,2438016,921.08,4
488,wXjg,1825664,4523.47,5
489,UTgvT,4258978,1151.45,6
490,iRcIzf,4904241,1651.64,5
491,iZTBH,1779324,2184.88,2
492,TtPvy,1894494,3250.75,7
493,jEDcdK,2235157,3586.31,2
494,HamN,2813491,4524.65,2
495,zumTC,1141576,2082.05,6
496,CGYbF,4756759,4240.82,6
497,DVdDKr,989801,1808.25,6
498,IbnxzB,2366528,4614.31,2
499,ojZhX,3057876,1902.33,7
500,KHZW,608253,233.26,5
501,buTZa,3709883,1364.05,2
502,XNyr,2502316,3235.87,5
503,frHT,4754748,2592.08,6
504,iVRG,3754021,2229.39,2
505,qTWcie,1491094,1012.22,6
506,mvzYlX,4913664,3391.1,5
507,GjMc,3479673,493.66,4
508,PlBn,197754,1791.63,7
509,GuOq,4203397,1692.1,4
510,lucXH,4384737,4321.55,2
511,pHCJoZ,1595724,627.87,3
512,IxMaid,4287464,3737.57,2
513,scJNi,2216042,4388.18,5
514,AciE,1326479,1710.31,7
515,RWtXYZ,1687657,2381.16,5
516,RCgOTg,4029912,4240.94,5
517,WpyVL,1175677,2260.76,5
518,LvfZu,423385,2219.36,7
519,oRFb,3239155,4226.24,5
520,UwdvK,248505,4867.24,7
521,CDddr,4518723,4831.79,5
522,amKMkP,2726231,4047.81,6
523,utmb,4255650,1669.57,4
524,LzKUUK,1022098,832.95,3
525,mFoj,2494679,4377.75,7
526,BNAu,4065612,2032.43,6
527,wHutMs,337554,2961.89,2
528,lJRLQ,4507123,4959.89,6
529,OIyB,3213563,3145.68,3
530,MeVat,1204788,1502.02,7
531,kkWjsa,3702248,3490.82,2
532,xFBjl,3773613,2905.05,4
533,qpnom,995280,1062.76,6
534,OuaVF,4221353,2257.17,7
535,IuIF,1377961,3097.11,6
536,RcYM,435602,3994.04,2
537,aODARq,2168273,2607.06,6
538,oApA,1616696,3769.2,5
539,nNrJB,1025049,4484.27,2
540,Zhti,3015286,2094.22,6
541,ydWUS,3573991,2787.17,4
542,ATxLHc,330716,922.83,3
543,GNMjJ,2793349,1204.25,2
544,RzOx,292020,206.18,6
545,mfZb,1685716,4070.04,3
546,haAiT,1887444,823.6,4
547,zGCP,3665527,4732.64,6
548,cOrnL,2089415,2618.57,5
549,mczo,3154276,3156.53,7
550,tVhLk,1815303,4679.05,5
551,ddOxSb,14379,2958.18,2
552,NgNkD,490135,1753.91,3
553,HVYzW,3217180,1490.08,5
554,yrazYZ,2954314,2401.65,5
555,BkiOr,1556763,4336.97,7
556,WOXoSr,311216,1993.61,5
557,Oavb,3304617,3031.36,2
558,lAQWHg,2845046,2655.5,3
559,SpQS,3088325,2816.28,4
560,yTsKB,3710382,4203.24,7
561,Srgiuk,3440443,4108.75,3
562,gJOsWB,2709797,4773.62,7
563,zXPW,996853,4880.71,2
564,xMREeL,993506,2854.26,2
565,BFxNLp,1426598,296.37,7
566,BsRt,270445,1691.22,2
567,FliVe,2617653,2342.31,3
568,hNVLqH,2405287,3949.99,3
569,OHycn,2385706,4261.47,4
570,OxGp,4381427,2665.96,7
571,fyuxR,4252230,2549.78,4
572,merAv,2113181,4492.48,2
573,hKHtP,3761460,3887.81,4
574,jTdp,4663231,3629.36,7
575,chAmRe,1297136,1850.43,3
576,uWfD,4965308,1121.19,4
577,ttaY,3871194,3314.66,4
578,opkvjd,3656287,3514.98,7
579,mlMOq,3793038,3913.59,3
580,LLri,302770,3694.73,4
581,gfRImU,374170,3632.12,3
582,IvSyY,1326006,1332.32,6
583,wMLz,575723,301.49,5
584,PcbHT,2277308,2452.27,2
585,tntoa,2724742,1574.0,4
586,vJwX,1323901,708.43,6
587,EimCAy,2389853,288.87,3
588,OfBQ,2298686,727.1,3
589,qMDnxy,1906893,945.03,6
590,QgDjEH,3407987,4598.26,4
591,zCiJj,1350298,3782.48,7
592,VHAv,2864796,1498.49,3
593,cfDKB,2558667,1858.82,7
594,htSbMp,480108,4558.57,4
595,CtEPNU,1052914,864.63,7
596,gHpAU,3509930,4042.98,7
597,yIAfXk,2514388,4878.48,2
598,BjeRJb,1729706,324.2,6
599,hnBMU,4903651,4238.81,5
600,rdSKL,4668487,3167.76,6
601,ysLL,389370,2562.09,4
602,SntjNO,966952,823.63,3
603,SsYpLF,2333517,886.44,4
604,omQmL,590008,3689.47,2
605,LzjPo,2284838,3259.86,4
606,ZojJ,1501139,330.26,4
607,ldxT,4537621,1001.33,5
608,KJmT,3768732,4559.42,2
609,vCWB,2584283,1336.74,6
610,lhio,3558565,1357.71,3
611,IUWg,1975552,4455.42,6
612,qykOT,3841986,4748.54,5
613,WnjI,4416257,4024.03,6
614,VBsEJi,2263203,354.24,6
615,YCsq,423926,1834.55,7
616,SDbOAL,3357550,4748.77,2
617,bDyWk,1906659,1501.43,6
618,zttURc,522032,4009.09,6
619,zZjT,317691,4529.88,7
620,ObxVy,999215,1760.07,5
621,EuwIok,3165207,2953.29,2
622,QrTFh,2459358,3189.79,3
623,HWCJ,1914619,2585.7,5
624,UWlJ,4149843,4448.08,3
625,kEZW,609740,973.87,4
626,GKiFCd,3259342,1471.11,6
627,Yyxf,1041510,2108.48,2
628,jwwM,1194559,2818.77,3
629,ttHK,4701234,4070.4,7
630,tcdBwx,1030447,3438.17,3
631,cevZ,756320,3270.51,7
632,IwLm,3656184,4375.39,3
633,OsNrqv,1120215,2886.21,4
634,JtsVg,3240268,2561.16,3
635,SLBlY,2395557,4343.13,6
636,XVNB,2277316,4945.9,7
637,yezL,4191510,4021.6,6
638,eswpJ,3166072,4429.69,4
639,NIAQD,4416935,4329.38,7
640,WkbV,3864433,4407.62,2
641,keIP,4266308,1875.34,7
642,IHSA,1645394,811.08,7
643,qxLYU,4903613,2849.85,5
644,NXZu,3646009,3311.47,3
645,qYGj,1625573,1462.17,2
646,VNiwk,1818891,2427.92,3
647,HLdmCn,3834115,614.13,5
648,aFOEV,2902693,3102.9,4
649,zwiJ,4223390,2333.88,5
650,DAjuS,331874,2592.15,5
651,CNFlzj,2998468,754.04,4
652,QTqEG,440308,1285.14,3
653,LGkbGe,1638928,4001.99,3
654,HSHeRw,4996441,4612.84,7
655,RMCo,2267795,4686.53,3
656,ramlU,4052187,3566.89,2
657,zwIde,4570461,4609.57,3
658,aiKo,3922088,2020.46,7
659,msTC,3372032,2027.48,6
660,FUEqb,2412647,2141.95,3
661,rwxgB,3460424,1417.26,5
662,YKWVN,398927,2413.33,4
663,sPlJv,2592410,344.37,3
664,pRaJK,3516238,1357.25,5
665,baGu,4037694,3315.85,2
666,tJsu,2335014,1016.59,4
667,BxJXtY,2717995,2655.77,3
668,ddAFoJ,2362121,4337.12,2
669,gIXS,1132235,2835.42,3
670,czrwbs,254292,4555.41,4
671,DhGiO,1785850,4765.6,2
672,xUjO,1154098,2199.52,5
673,fMnJ,1126715,3811.24,3
674,Isnz,1868836,2281.06,7
675,beJRak,4495854,1227.4,3
676,MaCA,1296299,3077.67,4
677,IOEu,407,1235.74,2
678,Wapf,3287788,3407.05,5
679,qbljIR,2715147,2931.74,2
680,fahA,1404100,2141.42,6
681,soXVeN,3594484,2929.07,4
682,VqWNDH,3041345,3597.86,7
683,xPUMj,2862471,954.13,4
684,bbPv,4393000,605.04,2
685,qsPBB,3964592,2929.18,4
686,HiqamK,4198842,2255.69,4
687,npBdr,2669075,1177.3,4
688,aoIa,3181607,2401.75,4
689,icWnL,1648834,1347.78,6
690,FonGTA,4628912,3111.21,7
691,THTzg,2612649,951.9,7
692,LRrnRr,1636815,3841.49,2
693,bnBkN,1750678,3115.69,6
694,pVTRzG,4880557,2536.09,7
695,nkyT,4919527,2520.05,5
696,ivwJF,734508,4247.79,2
697,UljM,553253,3821.43,2
698,nAcNz,4875329,2873.23,7
699,ESiZ,3794106,4798.21,4
700,shdVFJ,218875,4977.88,5
701,flBx,3546655,4446.35,6
702,XpUu,3336622,3194.89,6
703,cAAbV,4111383,601.05,6
704,VCkGTH,1512108,2247.55,5
705,GPOVtk,3566218,512.59,6
706,lYwYDQ,4640149,1623.48,5
707,QWAEVF,3960950,1158.07,3
708,ySEri,635892,3427.08,4
709,DvUuL,344327,1686.77,4
710,HzMO,3215632,648.91,4
711,waRCUg,4466830,2329.45,5
712,APNKN,2957677,1890.91,3
713,xsUUI,4176756,2454.2,5
714,oLfOLu,4074690,2120.16,5
715,snFUq,1269170,236.9,3
716,TPNlT,734646,2044.9,2
717,lNlo,930639,1932.61,2
718,njueTd,2682518,838.38,4
719,TJam,4098919,777.47,4
720,qWfUsx,4084093,1265.01,3
721,qRPwe,4629458,761.36,6
722,yoNbBc,1636992,1441.71,4
723,xneGv,1687189,3170.4,2
724,lYvC,1768651,410.74,3
725,kDjej,3244874,2428.09,4
726,vMPUdp,3053806,869.05,5
727,fcphD,99516,2166.52,5
728,ZkJBh,2218737,4125.76,6
729,zpQVc,365620,1691.08,7
730,NXkKl,1150258,2257.3,7
731,krrgkr,2551294,2858.39,3
732,OKKMB,4877973,1958.41,6
733,AYCm,4850999,3428.47,2
734,mosX,4177692,3345.61,2
735,POPuFp,504593,2661.07,5
736,aVpbMD,544068,4932.31,7
737,durbX,580470,322.15,3
738,hjdAZ,4526770,312.65,4
739,cQdmO,2188641,1221.92,6
740,awBUQ,4125513,3880.77,6
741,Vprmt,4200121,912.61,5
742,eWzHN,3336399,4435.62,6
743,rErqM,3665267,2257.15,7
744,Gpvt,1445801,3996.43,5
745,YtHMCK,2966109,846.02,3
746,IyxMXS,3695598,2847.21,5
747,KFBt,4247882,524.22,5
748,CzDJQ,740734,2825.17,7
749,KATdxu,3725758,762.81,7
750,uCEf,3474287,3948.4,7
751,YFpio,4539048,867.92,5
752,sZkfsa,4550290,630.09,3
753,OpHnFl,1477021,3371.09,6
754,gBGdH,4669770,4452.85,6
755,ftjwg,4398017,2847.77,3
756,vqLXdO,1422054,1797.3,4
757,fbfwoj,4068352,2312.26,7
758,nZExY,359541,3345.15,4
759,mKAk,1966561,2657.46,4
760,QnaIM,3782888,4252.42,7
761,iHcB,1116069,2780.59,3
762,CFreDH,1223251,4374.36,4
763,rczV,2596626,896.87,3
764,nnhFCT,1835903,258.08,5
765,Kzzik,3892929,4063.09,6
766,pjRnm,4988953,4449.89,6
767,awaFz,2084755,4966.25,6
768,SkqjL,1532671,913.88,7
769,fAyUt,1785845,1615.26,4
770,GXIE,4519368,2220.72,4
771,IUdnXV,929219,3674.51,5
772,PTYdR,3504143,2314.24,3
773,ZAwt,1962240,1070.3,2
774,elhAcR,1523509,2681.87,7
775,uIEIa,1478893,783.49,5
776,gLBlL,1108781,3604.97,5
777,LPkmdC,3081783,3414.83,3
778,nImJ,1635441,4038.01,7
779,WDqR,4424940,540.78,3
780,ldvrN,1544381,1471.98,6
781,SHppdo,1486961,3158.24,3
782,SxNrzT,2930244,4658.64,7
783,oSWRk,222323,4399.06,4
784,cHTHEk,4826959,646.38,7
785,jHodY,350454,349.35,2
786,ooOaQ,2304281,687.51,4
787,flaHL,2936698,2028.67,7
788,PzbfU,2898512,1485.78,4
789,cZEaY,3753366,3083.32,4
790,nqvmq,4052659,3044.45,3
791,zLpoUJ,426785,720.06,2
792,hAPUE,4329273,907.96,6
793,nIHER,2767495,4024.89,6
794,rQdWjI,1438926,3670.28,2
795,DiUt,1391494,4424.13,3
796,SZBddk,4371322,4435.6,2
797,MhZX,2449816,1525.02,2
798,SVus,4216471,1363.7,5
799,LuyMZ,4734175,629.91,4
800,ncCG,168063,1995.35,4
801,GMtzyW,1532673,2551.09,5
802,QFinsX,2308416,3462.99,2
803,cYxQGD,294786,4421.6,2
804,KVtZQ,3619364,2169.4,5
805,BGNw,2588905,1338.21,3
806,BDTr,2856327,1123.53,2
807,BHxtpH,3665252,3567.87,2
808,wXXX,3298944,720.35,5
809,OITJ,999084,341.19,2
810,Tkauh,3716615,4208.67,4
811,DGoi,729312,4240.95,5
812,jQyl,4440092,4257.96,2
813,eSSjjl,2278093,2488.81,3
814,trao,3529659,2365.72,3
815,IAqe,2206489,1123.33,7
816,AOxK,3539198,1624.61,2
817,dopG,3512267,2824.4,6
818,OsCQ,4729745,3727.94,7
819,klZm,2494112,2032.81,3
820,YOrpNB,3344341,2839.06,4
821,orsZ,867498,2196.15,7
822,CupKBM,3190867,3518.87,7
823,TQEfPW,3571716,2082.9,5
824,wLAIEt,2077155,1706.91,2
825,YBZfql,621843,3824.94,4
826,njjghv,739043,1263.39,3
827,FXQO,1848650,1859.54,5
828,lXgu,546287,2517.86,3
829,ZVwe,4806411,4440.22,7
830,NWZu,1996976,3629.3,4
831,hYDRHl,4248620,3053.85,6
832,qFecOg,4435138,325.17,4
833,OowOQ,4492619,4599.1,7
834,pYJwSZ,3728102,503.36,7
835,jZRZn,3977429,4462.32,2
836,ugedON,4741228,1353.38,2
837,SWzxlF,4567572,499.23,5
838,KkkdM,3791696,3629.69,4
839,kxYN,4940273,2887.37,5
840,ZvsT,429040,2420.2,4
841,EAkk,3197382,3016.23,5
842,JBKQo,3835426,1746.99,6
843,YqzX,206487,1044.29,4
844,vttCci,169324,4563.64,4
845,RFbSsN,3412059,3322.12,3
846,OUpx,1320717,844.26,3
847,TBgX,3250477,4033.9,6
848,edEFYA,1931835,3104.22,5
849,Aprc,4750361,1347.83,3
850,QbjfV,3802566,971.63,2
851,oBSE,415847,433.85,3
852,rsfQ,4168353,1873.29,5
853,oZTI,1007763,4476.76,2
854,AIhUKX,1599916,3199.01,3
855,eVqZ,3264577,3384.14,3
856,VlzPP,733374,3381.62,2
857,JywLBz,1862421,2902.51,5
858,yUEBej,1468252,3198.37,3
859,mUZL,2055664,1149.27,7
860,UZfdu,1191634,4308.36,7
861,BwhX,3421938,3021.39,2
862,QRWgQ,3714681,3496.23,5
863,rQNc,642950,942.49,7
864,JEMtc,1891701,1207.6,2
865,nTbV,660660,1126.63,7
866,GINY,533267,4531.19,6
867,BvUY,1883862,1159.4,4
868,nERwOw,374921,2813.09,6
869,LSlix,1874366,1390.72,2
870,ErvsHB,1833366,300.49,4
871,WGdaF,2492959,4696.57,3
872,FiEyG,4595617,644.98,2
873,OERur,3210362,1687.14,5
874,KhqQ,968647,3040.31,4
875,gtDr,4091249,3403.96,7
876,xeSsK,2647444,4411.87,2
877,byCQk,2194838,3382.94,4
878,wMhivO,1252979,2580.81,4
879,nTcns,4303001,1501.22,7
880,SksqX,2035100,1238.61,7
881,BmJruZ,4003132,4571.02,5
882,Zvzl,2270144,4848.28,7
883,IdYZLM,193958,3796.67,3
884,BELUYd,329559,926.17,2
885,azlw,546197,4762.21,5
886,hwgTjJ,2513401,2866.79,3
887,sesx,147719,830.45,7
888,iqzr,2401718,3644.98,6
889,iCJZjM,3103083,594.67,6
890,ZNYKQS,463144,2423.52,6
891,eKxwMs,2378826,3428.48,5
892,csZBOe,2119921,4499.36,6
893,FFWQZT,1874666,1670.83,6
894,GLfCQk,2382977,282.85,6
895,QIrP,287886,1849.15,7
896,bAUq,3508002,4269.61,6
897,KNzDZe,2607300,3827.04,2
898,hbOh,2600985,4216.15,6
899,sLnI,489471,4692.79,7
900,Epck,1552863,2482.62,6
901,cDel,2635540,1223.21,2
902,gHuu,852898,2564.7,7
903,IPmVCf,2037820,1329.66,2
904,ehNWN,807732,246.3,4
905,szVohT,3462757,1460.85,6
906,HJNmO,3689211,1565.3,6
907,BgRYT,3503808,4631.09,5
908,PaqN,1983832,4732.92,2
909,bJbU,3338882,4147.68,6
910,CcnZO,4984025,3445.74,3
911,dgYqgW,296680,390.11,2
912,FYyo,2937074,2444.18,3
913,SOAesO,2638526,1361.08,7
914,KQwb,4382480,393.3,6
915,Unxm,1887653,927.45,2
916,qGAxCt,4435276,538.97,6
917,VprU,2664857,2483.62,5
918,rLeH,1813776,513.82,6
919,zdFn,2677416,3281.44,6
920,PDdN,1188331,4770.77,4
921,PKxmW,1181241,2153.71,3
922,QIkoD,357699,4972.95,4
923,gIHLiI,3319430,665.35,6
924,BpWGT,3883562,1067.46,5
925,hfPS,2154928,2888.83,5
926,dPJUdk,3999066,2393.03,7
927,NrKJo,4351665,4923.28,2
928,nfPc,171600,3245.91,3
929,FIwtDn,4655667,837.88,5
930,QMhwFB,2960160,2543.6,7
931,hEUD,1664016,3533.26,7
932,LhSB,3574115,2213.97,7
933,FAoa,2048918,824.82,2
934,iWPsWA,4958803,2144.16,7
935,XBxb,3818793,705.85,3
936,FNKe,1643760,2219.14,5
937,PDoo,583783,195.51,6
938,jcirYH,2586685,2840.99,6
939,XtKIAT,4736570,3077.73,2
940,zwlN,2243430,3150.52,5
941,BeJWYs,843295,4309.29,5
942,sOMp,712901,1887.29,7
943,YjjudD,4770419,2245.75,2
944,HQKQ,1555517,1677.5,2
945,WHfjF,848696,4294.23,5
946,Yqyed,2641217,3948.56,4
947,BghEM,43018,1511.02,6
948,Qssk,4503088,869.45,6
949,dTrAnH,1610321,2625.48,7
950,kGNR,876211,4127.22,4
951,KJmE,1673188,4311.75,3
952,LocaFk,1667464,4660.86,3
953,mLBvo,4139855,4920.45,7
954,JDybH,3669121,3807.81,6
955,OVRfS,4963614,4449.14,3
956,tqMIf,1064885,4517.13,6
957,CPuoz,4334838,504.71,7
958,UPMIZu,156430,195.66,3
959,OqdXC,173927,296.35,5
960,QPTL,3121506,1215.74,7
961,Uwgo,298399,3455.15,3
962,DdrZ,1683673,2914.13,3
963,wSCjNG,4154545,4308.47,6
964,TovvD,3590050,2176.12,4
965,dbVI,1250523,3311.44,3
966,icgAfu,2641743,3185.93,7
967,EVQIKN,1186092,3525.75,7
968,AeSmsX,3904612,4933.42,5
969,OKdK,1656686,537.45,2
970,WVZEG,3047890,4479.03,7
971,rccu,4327554,3897.17,5
972,GvWDbD,2345382,2579.05,4
973,BASTDX,4767106,188.79,6
974,hVbt,651564,3628.96,3
975,OKPj,4046732,950.27,2
976,SEWOVE,3464697,369.91,2
977,ZSZZSH,1276662,3445.46,7
978,ueraul,3254329,4784.61,2
979,AWFs,2464566,3109.88,6
980,MbTr,3391289,4833.09,4
981,iPRnz,4705735,4249.74,4
982,lxUrA,1544291,1722.19,2
983,ocOdUz,4354855,4429.03,7
984,OGdzU,3664680,1235.77,2
985,kKEr,434891,3598.5,3
986,pwKY,2514441,4019.18,2
987,CjbA,840102,4860.57,6
988,BYlaZ,1432208,1971.63,6
989,zBRE,311692,4722.56,5
990,HceZs,2744759,1544.32,7
991,BwxxtI,319342,2232.22,5
992,QZQsTJ,2308685,550.45,4
993,NAxO,4610903,4176.96,6
994,exdTD,2688044,3621.76,3
995,cezoT,1658784,1270.63,4
996,EduoWJ,2453652,840.06,7
997,YMEEu,1265523,2423.19,7
998,gzmm,4615006,4858.05,4
999,eOtuB,1287650,2871.28,7
1000,LAsDR,3481309,4927.04,5
1001,Qppa,803015,1346.07,4
1002,qRvan,865875,4904.12,3
1003,YJIfA,3970673,1407.03,7
1004,PZzKX,4645014,1033.53,2
1005,mGYIS,959881,864.42,4
1006,QTYoa,3056911,2399.85,5
1007,hRsfqI,2423389,851.28,7
1008,QYNu,4089089,4976.93,3
1009,HHKY,365592,4705.59,2
1010,ZNVSDS,4722494,3816.04,5
1011,iYiA,4930760,2496.84,6
1012,kUEfl,1273118,1759.6,6
1013,HImjc,4667832,2890.15,7
1014,BFbwlc,2318553,1934.91,3
1015,ACrR,162724,1984.36,2
1016,IjMX,3550364,4319.25,3
1017,iutV,736455,4730.75,6
1018,vfMhC,1625392,4644.99,5
1019,QDjTL,4684026,3174.55,2
1020,kYXEC,4228430,3998.89,5
1021,JJpoyj,477886,1970.02,2
1022,TJiT,3649336,226.16,2
1023,JbYcI,3782214,3008.36,7
1024,jyKF,3596298,3132.64,2
1025,NCacLt,414395,2176.02,6
1026,uevf,4572059,1690.21,2
1027,BbpV,4328381,1833.2,6
1028,DAGhsa,277951,4434.54,3
1029,CFyF,4355356,4989.29,4
1030,NTdgKi,3562168,4302.35,2
1031,MURreL,4543814,4547.27,2
1032,vQeotA,4392762,3565.57,5
1033,kGdIZ,3775257,4669.57,4
1034,wUJxV,1809580,1082.57,6
1035,gCkX,2568966,4545.81,7
1036,VRcZw,3945802,1868.93,7
1037,xnJU,4845108,2587.85,7
1038,tPLxFM,1661989,3662.92,6
1039,CCYBJo,2592658,875.52,2
1040,lqAlr,2698687,2940.04,2
1041,yrlA,3390606,2782.63,4
1042,WILxw,3734365,467.64,3
1043,oKgPni,4415426,3835.22,2
1044,PckY,52674,1461.15,4
1045,puTZAA,4180328,2463.37,5
1046,BxueKD,4261595,3274.6,2
1047,AdGVSv,1647611,3078.41,3
1048,rAKo,4143233,993.88,2
1049,oIsHj,4513148,2757.8,5
1050,rCfhSQ,487115,4566.81,4
1051,hOlMH,4485777,1842.66,6
1052,qNNICi,1809623,3886.76,5
1053,MvaC,1413921,3137.7,4
1054,HQSHHQ,460320,3337.27,3
1055,HXAaw,2665915,4686.49,4
1056,bbdeMN,117296,425.5,6
1057,QNxC,2871622,999.46,4
1058,esVp,1904083,3830.99,7
1059,mxuSf,3767904,3291.81,4
1060,gfiu,1793572,3088.62,6
1061,evvWT,3103583,2348.2,5
1062,jJrY,3741284,2675.95,4
1063,sOJTd,2673577,4883.2,7
1064,Vemzi,4073525,2112.03,6
1065,mGdgps,3459574,1287.06,2
1066,LmhxB,1228643,4948.93,3
1067,SALBkw,4036721,3111.2,3
1068,ZYOwm,928077,1251.0,7
1069,MoTn,867793,1168.57,2
1070,IDxD,2774854,273.4,6
1071,LkLiR,3481572,3792.37,3
1072,CdTL,4724462,4936.15,2
1073,NEuas,4891957,4268.29,4
1074,cNHe,3571784,1876.97,6
1075,ODnGGD,1316440,1782.4,5
1076,RFuZ,1252930,3074.44,6
1077,nGIM,2121778,986.54,7
1078,GKMwy,4826741,386.63,3
1079,WiHa,3120498,3538.67,4
1080,kgLhM,4938537,4280.52,6
1081,qehR,2379981,3713.35,7
1082,ZDrZP,3879374,1576.51,4
1083,pcGi,2346001,1021.94,5
1084,TLeKQK,1179747,4424.57,7
1085,REjuT,740108,4688.75,5
1086,WRHk,4865351,4152.7,6
1087,gvfRz,3542512,942.82,2
1088,RMTzzy,1717711,1320.39,7
1089,eqQC,3179477,3968.25,6
1090,yqhv,3364887,1519.58,2
1091,JuKKZe,922279,799.36,5
1092,JlfQz,4699545,4276.72,3
1093,YCAH,4094092,219.1,3
1094,QMnN,3198389,3579.94,6
1095,oSWK,3313172,3554.09,4
1096,sijrBr,2502074,4632.94,6
1097,hOFv,4046711,971.1,4
1098,VJfedr,1024531,3308.82,6
1099,bWyd,4385284,514.39,4
1100,pBjepu,543239,2963.73,3
1101,TQNn,448750,371.94,4
1102,VDsF,399548,3656.65,4
1103,EZuN,699710,3324.91,3
1104,AsZYE,3996361,4349.32,4
1105,wheUfn,614030,1985.68,3
1106,HNhrx,1506352,3220.31,7
1107,wXgy,1796187,1286.02,7
1108,IGIJhy,992580,1037.8,7
1109,Inrwl,2818647,2213.62,3
1110,MDdh,910085,2959.11,4
1111,oJOPOj,607528,2766.8,5
1112,Mysap,4682969,757.71,6
1113,bYqe,3923804,541.3,2
1114,tjddO,470982,3319.45,6
1115,nXTOK,568350,296.78,2
1116,pPEN,2041188,3120.8,2
1117,wEtHf,4410171,4125.75,5
1118,FycQ,644431,3934.62,5
1119,PiaRdT,1579175,880.76,3
1120,vQVMR,3224559,1036.44,6
1121,UVCmpZ,4339913,811.38,4
1122,vcuGVN,4517961,583.28,6
1123,XnZUS,1671357,197.15,6
1124,KeKuK,4011779,3113.44,5
1125,kblWa,4683091,415.08,6
1126,ByIS,4383309,3193.4,7
1127,yMDGvv,3677111,2798.43,6
1128,rRKSgk,3429144,596.18,6
1129,xdVho,2639679,328.83,7
1130,AAhGsr,2381763,438.98,6
1131,YMYCEc,4684161,2019.13,4
1132,KUNph,3347948,1268.74,5
1133,mASrL,445075,371.32,7
1134,brVab,282493,1266.18,7
1135,GLsKu,4460727,4492.74,6
1136,vjhv,3492429,548.76,2
1137,ildpvn,402229,4679.19,4
1138,rykZOy,2594997,1613.29,4
1139,cNPGgI,806996,739.32,7
1140,HjHw,4740294,2554.17,2
1141,RrKNMT,993059,1468.99,6
1142,qiySrr,2387345,1496.33,4
1143,ksOOw,2147835,2335.96,3
1144,bfhiK,2865009,4994.54,4
1145,CfRT,4894854,903.42,5
1146,wdqTK,580461,522.44,5
1147,bIXmPQ,3029628,2121.11,5
1148,qwSW,623881,1217.59,4
1149,hYoCFj,3576284,3760.19,4
1150,slJh,3462603,3127.19,2
1151,lWLe,3009025,1625.3,2
1152,ieItIH,3258834,3901.3,6
1153,XVWVS,4472350,476.15,6
1154,EnShBZ,4054366,2343.52,6
1155,MbqR,4159815,1255.0,6
1156,MTcvC,1017990,1200.07,4
1157,vMbSF,48151,1046.42,5
1158,LyyhtG,1750295,2990.62,7
1159,Hffg,4455970,855.95,2
1160,uwIaXw,4138129,3255.27,6
1161,vbxTd,1254061,3468.18,7
1162,DwUaG,4402250,2101.01,5
1163,LtEkeo,4520667,323.61,5
1164,sQUOxO,58919,490.9,5
1165,UQssP,2225879,4180.97,2
1166,eALgd,1818953,4372.59,6
1167,vNFUza,3553891,2794.35,3
1168,jBJZU,1924361,1097.68,7
1169,LKyBWv,2921633,744.43,4
1170,ZUuUFq,1504428,4109.94,6
1171,jjUjY,2204605,4327.86,2
1172,UWQDC,977913,3814.35,2
1173,hXbf,854491,4664.0,5
1174,WImej,2255350,390.63,4
1175,eQZuUj,3856874,3497.51,6
1176,GWFAsW,809247,1844.37,6
1177,bsghp,2769291,2453.36,7
1178,RvSzW,2106431,1584.36,7
1179,dSFj,2758166,2974.73,5
1180,lUoez,177770,4086.09,4
1181,mSzq,4457632,2750.47,7
1182,GNqFN,1729165,1746.47,7
1183,XoJkU,1661349,422.57,4
1184,MZawej,1853367,4350.8,5
1185,MhKk,510641,470.61,4
1186,aujH,23434,4855.14,6
1187,Mvddu,4099029,368.78,6
1188,QbKFzF,859242,3811.38,4
1189,PglZVF,2577330,4196.8,5
1190,WSiymT,4693692,693.02,6
1191,ASYS,4949683,1466.29,2
1192,yCSL,1011723,604.47,6
1193,OzjDV,4548149,1762.04,7
1194,vOOMz,4487252,2624.49,5
1195,oQihj,3062776,369.53,5
1196,aTvRA,795774,1648.52,3
1197,nxMG,2847243,2050.4,3
1198,iTibWg,840347,3563.76,4
1199,XwJq,20882,3467.55,4
1200,mVExQQ,2711889,4996.17,4
1201,jqpzA,1488893,2786.88,3
1202,GMzwx,713587,3361.06,6
1203,stZzgT,3419867,3856.69,6
1204,GmMFP,4546738,3180.47,7
1205,cycgw,3221979,1971.35,7
1206,EMJX,3242650,2868.26,4
1207,hSsK,79737,981.05,7
1208,YBApWc,152188,4719.67,3
1209,ccRhMk,1704162,3194.35,5
1210,OFKd,4008172,3172.59,7
1211,vDTZZM,1918280,1680.01,5
1212,sygczS,1664338,3223.2,5
1213,IOdjI,1588263,1967.19,2
1214,RCgYqL,3007185,1212.21,3
1215,WdaxEi,4467880,395.21,4
1216,RkvHmC,1977644,746.4,4
1217,szpp,4476845,4666.79,3
1218,InKKLT,3234151,3188.22,3
1219,nMJwcR,4626000,4978.18,3
1220,Ekkur,428586,3133.77,6
1221,eLkSRr,2013037,2032.96,3
1222,YDMOdx,3364781,4305.44,7
1223,eECIl,3234336,1088.58,4
1224,jihPe,3597734,2972.04,7
1225,oNBL,2637966,1764.41,7
1226,scGUBV,4847858,305.25,4
1227,Dotfp,4362465,921.95,4
1228,eKzkVN,345020,4551.38,4
1229,WqOiu,416908,1996.97,3
1230,gTelD,1972308,460.13,5
1231,smBGS,1097600,1950.46,2
1232,eFHpDx,2700863,3809.31,7
1233,DRNKuR,600277,196.16,2
1234,Bbpkh,1780628,1690.54,3
1235,VARB,3966752,4128.62,3
1236,QSpf,955105,1863.23,4
1237,EXfQT,3931443,2534.76,6
1238,vXOMk,1259860,4110.57,4
1239,HVte,78545,4539.37,7
1240,gFDshl,240520,1663.08,3
1241,LUtmao,1646812,2205.23,6
1242,jQMOg,2379144,797.63,6
1243,bJSsU,387987,832.78,6
1244,dyer,1979758,4277.97,7
1245,PxfMKO,3857277,4471.37,2
1246,wMWkjB,4113494,1889.56,5
1247,Mamwki,201748,4223.32,2
1248,frSkD,4833897,3739.45,7
1249,XsHP,4502254,1077.2,6
1250,HnupeU,3987726,2342.52,7
1251,tjSQj,4851294,4239.46,5
1252,TWcffp,1924471,3396.33,5
1253,tGRD,3815419,3814.47,2
1254,oazV,1151715,3781.9,3
1255,Ygmd,1461852,4738.56,4
1256,lCzfhc,1717958,2285.37,4
1257,qsWe,381322,1072.33,3
1258,codw,2042799,4730.91,6
1259,UDmxm,3451165,4729.98,4
1260,qXnkF,4802318,2857.11,3
1261,vCCbJo,1715344,3518.24,7
1262,OYydu,3467893,4609.83,7
1263,BoFOOF,3753722,512.54,7
1264,YzRs,1365197,385.16,6
1265,ndEfO,4841381,1121.06,7
1266,JdrvhA,3482540,1700.76,5
1267,JXrPR,337843,1552.42,6
1268,enRmi,575248,2970.05,5
1269,KpeLRg,540049,1590.34,7
1270,iiRQ,2038489,485.33,5
1271,LcNwXX,3035620,3757.21,7
1272,RqpjJ,3616063,4969.43,6
1273,QTJHdx,2105325,4231.8,3
1274,pLUx,3705106,3876.5,3
1275,HBNImX,2813696,3913.25,7
1276,ERFmdt,3479448,1750.88,4
1277,eAvl,2416301,522.85,2
1278,eDWn,4123912,3705.07,7
1279,OtmSo,124299,1194.37,6
1280,dGHD,4641725,4935.71,3
1281,UYUH,1849926,1786.11,2
1282,TXXhwg,1483521,1358.18,2
1283,QVyG,1875123,4787.42,6
1284,CZJVuT,5854,1721.83,2
1285,ypqAXi,4643434,4526.63,4
1286,MnzPOc,4870650,4341.07,6
1287,bVPWBH,1974076,777.48,5
1288,RgYSt,878711,949.98,3
1289,EpJk,1722784,3673.32,2
1290,mcxYb,542496,890.09,6
1291,GuGXZ,4386269,4003.2,6
1292,psQdxk,4846573,1955.52,7
1293,xkrO,1953619,285.08,2
1294,rjvVV,2111681,4421.72,7
1295,CDJojs,1226269,955.27,5
1296,AdHc,1598186,2237.71,2
1297,ryKl,956100,882.41,4
1298,BrEnyJ,846960,3301.28,6
1299,zBfnq,2262822,3310.51,5
1300,NnCo,2010337,1519.6,4
1301,aDrA,514724,3124.58,4
1302,uqIXp,305562,1211.03,5
1303,fwOoe,1373553,2496.22,3
1304,GSfd,4186981,1447.38,7
1305,UQFdz,4299913,1817.53,4
1306,gmkxti,3052794,3317.6,5
1307,iKLXa,1131024,1573.14,7
1308,UDVS,1310701,1973.03,4
1309,AWnyQd,2355357,2661.88,4
1310,SXFTd,2674195,3036.5,5
1311,HqNy,1895248,4273.12,5
1312,zNFe,2906636,968.73,3
1313,aZBXI,4345143,1756.01,6
1314,ubSH,3472269,3569.27,4
1315,IpEntR,3870311,3980.09,6
1316,yxRnNj,2195884,3411.89,3
1317,UnYJ,2857187,2178.32,2
1318,dlXjBt,4592224,3731.31,2
1319,uCIWLt,2359142,4972.81,3
1320,gdOa,1760449,4532.17,3
1321,sfLO,1622472,2546.72,7
1322,lKgngO,1110392,3912.27,7
1323,lSaJ,4788990,2162.4,7
1324,NMTw,3386992,1249.43,3
1325,LZmySv,2430053,2186.22,4
1326,CfCKi,1784344,951.06,3
1327,YKVqPH,968424,3908.62,6
1328,HCtZe,1858665,860.39,7
1329,WzBBlH,2010167,1569.53,7
1330,xOjTnV,4392004,756.91,4
1331,vupC,4733283,1365.63,2
1332,tyKZda,2413436,4833.99,6
1333,RsVVgq,2359092,3983.9,6
1334,VgrNL,4674295,804.08,5
1335,ZVExhc,1787319,4283.85,2
1336,fxLE,3023966,292.27,2
1337,JELCMD,411640,1471.53,4
1338,oXDZ,216271,3438.59,4
1339,vRvEIn,2463713,542.47,2
1340,pxSsb,2024154,3995.73,6
1341,ovev,581690,1695.89,3
1342,hOql,1761932,3095.2,2
1343,YDcXm,1900008,4229.69,3
1344,POBpz,3867774,324.45,3
1345,AvVjlr,3577872,4928.13,6
1346,sNMXLZ,161578,1631.45,3
1347,tdQIl,4853843,4129.85,6
1348,NpRn,3532288,825.1,5
1349,SwiAI,706872,287.84,5
1350,GYHVk,2454913,2638.74,3
1351,MymP,4180337,1684.13,4
1352,YFciQ,2770300,4602.66,6
1353,QuiH,1245821,3021.99,2
1354,exDRwA,2367635,2450.82,5
1355,wKcq,509907,326.23,2
1356,CzLSa,1477513,2770.23,2
1357,lZZgC,295850,3725.08,2
1358,AnZK,944301,4641.19,6
1359,hrUXYI,570834,1937.98,2
1360,sXMN,2561551,2572.07,7
1361,PpAhZl,3699239,3328.27,5
1362,vBHlr,1048282,2543.15,7
1363,jeKNr,1424361,2977.61,3
1364,laDw,4421681,4437.24,6
1365,xHInt,1205223,4093.18,5
1366,BvIbQI,2946269,1803.74,7
1367,Migoc,1526450,226.48,2
1368,okhfzY,4965447,4212.42,7
1369,bmMevW,2927228,1904.19,2
1370,quqv,585640,1924.12,3
1371,RKUeTN,1945650,2037.34,6
1372,bxvQE,13275,3324.27,3
1373,zYQY,3454221,1482.35,2
1374,bCcN,4490087,1914.78,5
1375,ovGyyb,4418827,3003.42,4
1376,RXFnO,2893005,1099.07,7
1377,UMoxf,34793,2994.88,4
1378,lvVcG,2290471,267.76,7
1379,MjwZ,1719998,350.32,2
1380,xskM,3620658,2492.43,5
1381,iJMGn,3666577,4215.58,2
1382,MkKE,3504668,3997.92,4
1383,mixM,4007648,974.4,7
1384,AMfsIl,156507,705.02,7
1385,ZPaHJ,1551448,4472.47,2
1386,xGCO,1536686,2222.99,2
1387,HQpxY,4015482,3067.44,5
1388,JhMk,653397,2530.24,3
1389,yyYBD,3373193,1857.9,7
1390,APRVBK,2123193,2580.72,6
1391,jpRdO,1438483,534.56,7
1392,ewIY,362461,3394.97,2
1393,IAyfE,543039,2233.18,4
1394,miWba,257678,2643.95,6
1395,vooXua,806047,4586.77,7
1396,ucZyh,1340817,1146.78,5
1397,DHaHsG,4620560,2112.04,2
1398,ZmJsi,2072274,4257.63,3
1399,TPWYA,652214,1382.51,4
1400,jYGBuI,1189855,2815.85,7
1401,yGZp,2910050,4897.84,5
1402,nbSNwy,94917,2347.31,5
1403,RRIg,4013455,2271.88,4
1404,riDtlL,447098,1099.12,3
1405,KdRz,1668735,570.36,4
1406,YyEa,3964449,4816.4,4
1407,DuQQ,2479214,3087.47,6
1408,dnCfj,3228748,4864.27,2
1409,AuQn,2257602,365.28,6
1410,ehBUt,2879691,1725.52,5
1411,bbALM,376921,2192.18,2
1412,FJBM,438773,2867.97,4
1413,bdLC,1824062,2150.48,5
1414,NRMGmw,1924972,3525.56,5
1415,SfRANe,4626570,1966.28,2
1416,AeuW,1458226,595.99,4
1417,XlgO,2492180,4631.02,2
1418,sLPrLc,4982095,2740.53,4
1419,QPhw,2509698,4936.94,6
1420,lVQctv,640128,3140.91,4
1421,lozFn,1746053,1428.28,4
1422,iiXCk,2377897,4395.26,5
1423,rECyH,437893,3023.84,6
1424,hSzH,1554215,1441.62,4
1425,nTFI,1832398,3399.69,5
1426,raRJN,1315862,3815.06,4
1427,YTHq,2861991,2037.25,4
1428,AgTpMA,653674,3889.41,2
1429,VtLNr,3195984,2513.67,3
1430,btls,4534262,4553.85,5
1431,gbVX,1803924,3689.67,4
1432,fpnQv,320993,1427.4,3
1433,AZXh,4485733,2098.16,2
1434,YlgWh,3489108,2821.17,7
1435,BRHB,2406835,504.31,6
1436,JHoDNQ,2621904,1525.35,6
1437,jJwOQ,1521585,4053.32,2
1438,vhGBr,3935293,4472.29,5
1439,bOWnI,4655407,3417.28,4
1440,oFINKP,2254847,4432.12,7
1441,TpRmpO,1131036,588.82,2
1442,utpTj,4252440,1979.87,5
1443,zuzEn,1818998,1958.37,5
1444,HcSnn,1082816,4804.77,5
1445,dwThN,3060170,2129.11,3
1446,movwD,4777052,2874.62,4
1447,UZmkl,372599,421.92,4
1448,VUaQ,1105001,2329.66,3
1449,RiwQd,4589055,656.61,5
1450,kUZD,4868023,2411.83,2
1451,lrMh,4676627,1563.06,7
1452,SbRB,1228699,1377.52,2
1453,dKRpgs,2948571,342.04,5
1454,ISSA,3431785,2355.28,4
1455,wwozT,1808027,3697.85,7
1456,AhuRWN,4345010,2124.33,7
1457,zJcc,382941,1566.88,3
1458,fizV,4904265,2959.07,2
1459,SKXN,1032441,1630.37,3
1460,NYJxCn,3310074,2017.81,2
1461,EJdpC,1658224,4084.65,4
1462,iNKl,2442676,681.48,6
1463,bBkLIp,1683641,2655.82,3
1464,wMuOb,1419503,1194.04,6
1465,HHCWeH,484355,3865.87,7
1466,jNXZs,3257785,642.78,7
1467,NEWZm,3532082,2687.63,6
1468,OwPrY,492217,2834.38,2
1469,DKnD,4558817,3040.28,7
1470,uloBio,1253718,2704.71,2
1471,HhDNvY,260880,2059.87,6
1472,sreXg,1722968,2824.1,3
1473,bmyPM,3393014,1466.81,3
1474,GRlhk,662312,1320.3,4
1475,tRwd,5702,2527.73,4
1476,UDTVDo,1558058,2761.81,6
1477,OQTMpV,2731419,4723.86,7
1478,rDvD,2075930,4592.7,5
1479,ehsde,3692499,1191.37,5
1480,nCgFUd,3718901,2505.68,6
1481,XAkJ,3116589,934.66,2
1482,tzqdwT,1376100,1640.53,7
1483,VKouy,1582859,4751.51,6
1484,MpHu,1222275,4934.84,4
1485,DMsWbn,3315230,4455.04,4
1486,aNNhI,1936797,468.79,7
1487,opSGva,1607409,2047.68,7
1488,XEni,777800,3348.55,2
1489,ypzwms,513037,4770.76,2
1490,QjYvC,1287845,1684.42,3
1491,rcOq,4384605,3071.36,6
1492,HYStxB,1173446,2666.13,2
1493,UlNVpT,4089558,551.25,4
1494,gkzRS,3663944,1536.28,2
1495,dQSS,3108034,4166.27,5
1496,zQGJnN,2361406,1738.47,2
1497,CFgO,961087,1038.21,2
1498,CxJz,319118,3854.23,2
1499,yZXvvV,3993118,956.09,3
1500,AXfHS,1217352,3618.02,6
1501,SQPf,25009,3502.1,6
1502,vnTR,3299894,556.91,5
1503,tUWA,2819183,4996.34,4
1504,NeWEpN,4830863,223.83,2
1505,WXZY,4451124,523.08,2
1506,Wiqz,2302049,3957.21,4
1507,plTyI,1270995,3622.08,6
1508,kStL,3323350,3113.38,7
1509,QUzeY,3099336,1526.09,4
1510,ZyaBf,3660755,1806.96,7
1511,qpwos,4670617,3916.29,7
1512,XkZTi,2678728,2833.79,5
1513,hrVZ,4094728,3266.34,6
1514,yNhIOO,617590,3652.38,3
1515,WZALDX,858502,4023.31,6
1516,ybOre,1085535,3847.2,7
1517,dkvTN,3904790,277.82,5
1518,UsOqrl,110820,3117.42,7
1519,MZXsoN,3710366,4545.71,2
1520,XpdINM,1111966,2616.54,2
1521,sPKw,711089,2701.31,4
1522,AjWih,543274,1701.04,3
1523,Rzatq,1960498,3920.12,6
1524,Brfe,4173500,1208.57,3
1525,oGZW,3945769,3014.53,4
1526,SLgU,534853,4700.22,6
1527,vnmp,4513735,4884.56,6
1528,gJGSa,2426538,2281.16,4
1529,CxMj,3554252,631.65,4
1530,GJGI,529721,2756.39,5
1531,pAZwEQ,2231129,4898.72,6
1532,onhZ,4902392,2332.49,3
1533,Xyrbx,2881050,185.72,5
1534,dMtEj,3263743,177.18,3
1535,EmLNZh,811523,597.77,4
1536,Vkbw,24183,1450.68,5
1537,wyXNG,3265520,2692.45,3
1538,USzd,1089380,4281.79,6
1539,xOztuu,2799992,2802.09,7
1540,qifiE,4082838,2732.04,2
1541,ElelSO,772682,2060.14,5
1542,GCjYr,351676,3062.72,2
1543,NvKpas,1904600,4373.91,5
1544,vRRlZB,1625648,1775.63,7
1545,fSPGkT,3315049,1322.13,6
1546,QeGUJ,1182953,948.91,5
1547,UhAW,1694639,1921.05,3
1548,DUEUgo,273920,1588.63,4
1549,gfDtJo,2875339,425.93,2
1550,YKhi,171551,3313.22,2
1551,xVrci,193282,1389.9,2
1552,AkYyQG,522033,194.51,2
1553,MwvZk,1041086,3370.44,2
1554,XSAqG,642389,2986.8,3
1555,OZjd,3636970,3421.39,2
1556,tpce,4419166,4678.98,4
1557,Mvvjge,4845178,4712.22,3
1558,otqs,181336,3532.06,6
1559,iQpg,3159611,2935.51,7
1560,pxfmu,4833325,1980.03,2
1561,YtbNv,2758335,3956.32,3
1562,jwgtV,4139977,3054.53,6
1563,dsCfkm,1940071,4822.93,2
1564,wtpeQa,3514702,3570.29,5
1565,qbZS,294992,1318.52,3
1566,VzTiDC,3388101,4342.43,3
1567,RhcSP,681146,3583.61,4
1568,VYlX,1418340,1313.41,6
1569,FczqG,4439415,1561.69,2
1570,FagOOb,2245051,3008.7,3
1571,cdSKe,811379,814.81,5
1572,FViP,1150936,4726.38,6
1573,Plhl,2316766,854.8,3
1574,chmZOJ,1306256,3790.86,6
1575,RDjH,282802,3881.81,2
1576,jCrW,1007681,230.99,3
1577,dyZCKH,948872,2667.38,5
1578,nriq,169572,3527.34,2
1579,ylnm,4350223,2212.77,3
1580,XZAm,204660,4459.93,6
1581,mZLC,724041,4192.57,7
1582,asVI,2589328,3041.38,4
1583,TEsp,3906706,494.58,6
1584,VDNm,802193,4859.6,5
1585,LDgBW,4017296,1831.91,4
1586,Dbqk,4390348,3755.86,4
1587,doEyGZ,2429079,3826.14,2
1588,czcwq,299265,1866.97,4
1589,vHzqr,3734067,746.46,3
1590,oueqfk,226247,1779.14,2
1591,WhBV,1303582,1971.38,5
1592,FYeDT,4148485,3139.55,7
1593,jVfi,3864261,1433.49,7
1594,cVnS,3056642,1924.66,2
1595,RYGzjf,2613706,4389.17,3
1596,OoEY,1695977,4234.48,6
1597,OqMk,4041677,4859.39,3
1598,YvtR,2204782,1457.87,4
1599,HiFmav,4649036,428.26,3
1600,saET,4666357,1179.86,5
1601,WzrD,3265096,3418.18,4
1602,kHBA,4320416,1223.1,2
1603,pkTTv,4994634,522.14,3
1604,pbgi,3998006,3317.87,5
1605,RseD,4246456,3376.37,6
1606,lhcwic,4389824,4127.06,2
1607,ErnMT,3509931,537.3,4
1608,uWxYo,2131705,3650.33,5
1609,Yszfzt,1032731,4348.33,5
1610,xJMN,1140465,2290.43,6
1611,njEZbK,882430,481.81,6
1612,AOrQHn,2886614,2285.47,5
1613,dBbjFf,2397368,4632.58,5
1614,KVHT,1444308,1047.17,7
1615,nomd,442797,333.68,6
1616,UMnK,4837249,3681.85,5
1617,YJGeyK,674249,1464.76,4
1618,gHPde,3670062,3205.04,7
1619,itkox,3531719,1525.13,7
1620,sMwRD,4535091,1764.19,4
1621,oSjNW,84609,2663.99,2
1622,raDTrM,2478092,4278.18,5
1623,GjUzk,2589241,611.17,5
1624,RTWZhL,3403385,3687.64,3
1625,jXbBcD,4932737,3999.03,2
1626,uQpM,447621,3218.31,2
1627,RqaJce,752293,3549.89,3
1628,DHyvv,4894324,1943.18,5
1629,tnUrrr,2131397,2724.33,5
1630,BnpKkw,3426864,1852.82,5
1631,deUD,164316,2965.41,5
1632,eWLGgl,1107409,1185.91,4
1633,TsfWL,4525465,2380.72,6
1634,CHIQN,2211738,1012.93,4
1635,DqXqHc,1716268,1961.71,2
1636,bnVPZt,1864718,1651.1,2
1637,bmar,256090,2949.4,5
1638,MGFjT,2220391,3303.57,7
1639,lTfjG,1080492,4141.98,6
1640,WJMJnr,4402166,2769.5,4
1641,aTyYU,4286879,2983.58,3
1642,wWPZ,4708468,2241.82,2
1643,GJgi,2607948,1473.21,3
1644,YGDYm,4665249,3067.4,4
1645,yfzPc,2871711,1310.84,6
1646,UnJuxa,444961,3395.05,4
1647,WVkb,3934307,3943.96,4
1648,osdZjV,13566,1754.32,6
1649,zZOfk,3395915,3624.38,2
1650,DKvoh,1611272,4205.47,5
1651,hyxM,4971688,4043.07,5
1652,iSZV,3473017,1972.68,7
1653,dqgCzE,4528613,1147.62,6
1654,TdVt,3726329,1452.77,7
1655,KLqZSw,667321,3070.76,4
1656,eqHAH,2311531,234.06,4
1657,LKuS,2035823,4048.2,6
1658,lBdvFz,3337749,4921.68,2
1659,KFNqID,254080,4262.43,4
1660,YZUBL,4855129,2716.18,3
1661,fPBdVp,582911,1659.22,2
1662,eLZVhz,1533298,4997.72,6
1663,LoiXEn,3396370,3937.43,5
1664,pISyWv,1652379,389.87,5
1665,mpqP,2091570,456.01,2
1666,LPLJtK,2800563,4648.96,5
1667,yJJE,698607,1773.44,5
1668,TvZjiQ,3104307,1584.67,7
1669,rgxx,516618,3716.44,6
1670,QPtH,3609529,4921.64,7
1671,ZzqWoL,2700942,4348.11,7
1672,qrHf,4495676,2519.26,4
1673,nrsYb,350101,2395.81,6
1674,TvYDjq,3230797,3629.61,6
1675,JXmWw,1199300,3874.42,5
1676,UHLBK,2856131,4286.58,4
1677,ZmCk,1535999,4553.6,3
1678,xXgp,1060920,789.05,7
1679,eZUYDT,4877217,4797.34,5
1680,Yziy,4000482,2893.87,2
1681,luYH,1152492,673.35,4
1682,XQrmWh,593599,649.09,3
1683,fLRo,2339170,4196.51,4
1684,VAuBa,2351072,3227.16,6
1685,cHdTpF,2311435,2238.35,5
1686,YTHE,402755,4614.38,6
1687,JJtWpu,1209286,798.21,6
1688,pQsssG,4231931,2481.89,2
1689,pFsPf,2031317,2481.08,3
1690,zqNeI,1236532,3223.1,2
1691,vUSOX,3029370,2531.89,2
1692,KiNv,1037302,3364.3,3
1693,BdNzcI,871308,2719.24,5
1694,BWPj,1333595,3370.76,3
1695,ZxsUY,324965,2411.09,4
1696,COzvYh,4093418,2386.03,7
1697,CNjRoB,4113790,4890.35,7
1698,pwWVlE,2210804,3388.36,6
1699,RxVmWG,1097175,3892.54,7
1700,YTsR,3283213,2926.77,3
1701,xDXw,2551965,3448.02,2
1702,ayjB,3674923,1401.9,4
1703,FLWHg,407653,4980.37,5
1704,gSqrkZ,721799,4150.99,5
1705,pcHKC,3715970,3538.52,7
1706,vvHbwE,4645648,2197.13,4
1707,IHdD,315242,4713.43,4
1708,PUoUY,204034,3941.43,6
1709,BMHM,932738,1530.23,5
1710,mogmH,4545292,497.88,2
1711,wuumJ,1224899,3222.28,2
1712,jljKP,1920523,3588.69,6
1713,AMscwc,3878651,2958.26,2
1714,kbcTmN,2320755,3018.7,6
1715,rLfa,359859,2827.76,6
1716,XZCt,3604993,4167.9,5
1717,djdFbP,4723783,4218.27,4
1718,yCGyW,4135986,2939.59,4
1719,Mqnvg,3886824,4402.63,5
1720,jZuce,3610622,1874.66,4
1721,SkaOg,550673,2599.89,3
1722,KrSVz,194459,3968.07,4
1723,FalZi,3225611,686.88,4
1724,WcvVPQ,4887773,3614.48,5
1725,llqal,453818,3188.3,6
1726,yDCg,1016539,343.68,3
1727,KfeG,4065812,2243.79,5
1728,mDTp,628574,4384.52,3
1729,bReoE,2503379,4530.06,4
1730,LXZl,812444,4517.07,7
1731,AXBB,1732808,963.66,3
1732,cZgCS,607693,1132.41,2
1733,JVigb,2935330,1828.7,3
1734,JGBM,4913574,2211.51,5
1735,FMrAf,284601,1695.38,4
1736,nusM,4128165,2489.84,2
1737,moZWb,4897291,849.12,2
1738,npiIPn,1603785,1263.16,2
1739,MPSX,2654176,4202.22,5
1740,HNPsYD,4326846,957.74,5
1741,FesYfq,1980072,822.77,2
1742,dSRO,1556350,3217.33,2
1743,ajaoOs,2358519,3566.6,3
1744,ISgFwS,3528576,3943.14,6
1745,MZmD,2694034,3675.71,5
1746,ZioB,3646046,4425.44,6
1747,aEiL,1792422,3365.17,2
1748,PnniJH,2604583,2846.79,5
1749,OeBrly,2530227,4164.11,3
1750,ZUdWY,2127551,4510.62,5
1751,abHHLv,3404032,2453.12,4
1752,bxyvIi,2537475,2701.08,4
1753,QwAj,1062873,1216.63,5
1754,yrjfY,4282,211.31,6
1755,pZesdK,2589114,209.52,7
1756,SIbSF,972784,2807.48,7
1757,CnXVA,2033121,3993.0,6
1758,POGz,1322953,1622.39,6
1759,ZaRYUJ,692725,851.55,4
1760,wZwN,241942,4080.71,7
1761,qfXYlE,3703429,3323.88,7
1762,XkMS,3713651,2590.85,6
1763,cQXZQU,3365117,1437.84,6
1764,YMkyP,1197331,818.78,6
1765,xUSET,1761048,4593.52,5
1766,KiMG,1110788,521.49,3
1767,LeAZw,4380225,412.01,6
1768,Momyj,2336942,712.13,5
1769,ESIrX,4211654,1915.73,5
1770,OCRtB,3621439,4048.05,4
1771,ShXjOh,4498453,4107.69,6
1772,YYej,3444134,2176.81,4
1773,mnWrL,4396480,1987.56,7
1774,MyeOL,4187904,2624.97,7
1775,cWFE,4871299,3068.03,7
1776,RmFh,4998019,3061.17,3
1777,cuFMgt,2082948,1042.47,3
1778,WpAy,4671000,1208.86,2
1779,NoulZM,4706134,3360.0,3
1780,soCN,1148330,2462.01,4
1781,YIis,4326209,1985.69,5
1782,QjPaa,3696818,4276.5,4
1783,mUMEv,4923767,4518.97,6
1784,VJfZXf,4744153,310.71,3
1785,OjLxHO,4413671,4886.4,6
1786,KCUH,2821070,279.57,5
1787,YFkZ,3344890,1055.77,2
1788,NNEqLz,1461091,2918.05,3
1789,nsXgHk,3086008,4382.03,6
1790,Gkwj,1143652,3030.08,6
1791,onqaug,2665107,4959.37,7
1792,kqIoYM,577473,3479.87,3
1793,ZTTIF,4764545,4840.67,4
1794,OHtK,3323354,4401.25,6
1795,nOjOTI,4987411,735.04,3
1796,KGQeH,3010994,4815.42,4
1797,YqRR,2084947,1245.73,7
1798,RWPb,2023052,2491.88,4
1799,zgiyL,1863378,4544.25,7
1800,rkpMC,4141034,1988.24,4
1801,SCAhRs,4550386,765.75,3
1802,nWaNaC,4077440,1274.03,6
1803,wqboB,1478369,1184.99,7
1804,LaBYK,3399403,1217.78,3
1805,ROwVJ,577958,2539.4,6
1806,CuMn,2449600,4322.05,2
1807,gHkmTl,4315274,1070.67,3
1808,uJHzrB,2686014,2873.0,2
1809,XtXXzH,3103312,2101.23,2
1810,DmnYhA,401171,785.27,5
1811,Kgwv,4183160,250.32,6
1812,Jhptl,1926812,1478.87,5
1813,mlPS,4171643,3228.66,2
1814,aUfH,3326769,484.25,6
1815,XCvtu,3354605,1584.46,2
1816,eIGZu,2899268,701.27,3
1817,pSZZ,2275507,4389.96,5
1818,qqan,4801633,4831.88,6
1819,kLtZhn,2761457,2372.12,7
1820,kylmE,170732,3912.25,3
1821,vTxfKs,2690257,693.16,2
1822,kDvNg,1508870,4049.62,4
1823,qcFt,2769642,954.73,4
1824,okwh,3142712,515.47,5
1825,pjsKLv,198598,2644.77,7
1826,FmTYF,4776688,3709.22,3
1827,weNt,3514015,1365.5,2
1828,mQNsJ,4864258,1212.99,2
1829,LKAPGF,114345,2015.99,6
1830,SBijrC,4972204,603.29,6
1831,aDzLQ,2588621,1462.99,4
1832,hEIcy,1000410,1763.33,3
1833,UPrlpq,1356857,1703.25,6
1834,WFWer,2487407,3442.31,4
1835,DwRem,1281856,4438.78,5
1836,VBrTXH,2023405,3107.65,3
1837,HeMLSn,4392154,4452.08,4
1838,gOQWb,4042530,345.82,5
1839,adTp,3056106,1953.13,4
1840,qBfr,4290268,4838.62,7
1841,UgAEB,1990270,1809.08,3
1842,fiKV,375670,1735.12,3
1843,VnCgBx,1143487,2981.43,7
1844,fhLg,2910023,582.56,6
1845,SJLNil,670011,891.06,7
1846,jBED,4627611,4639.34,2
1847,tDQZ,3737711,2168.34,2
1848,InOK,945885,4222.24,2
1849,xrkIBj,1966039,3644.74,7
1850,coPNIW,3885495,4382.41,3
1851,wAkjAb,231041,2601.66,5
1852,LWpIKT,4342183,1243.2,6
1853,zMiD,383137,2027.14,6
1854,IzOSE,493690,2231.15,2
1855,jQrcO,2940929,4435.78,3
1856,YXWxmt,1309979,1924.81,2
1857,hnuzi,82159,3284.16,7
1858,YdXJkh,3548889,3457.35,6
1859,PWxhD,1139063,1010.43,5
1860,rqBr,4447425,2609.68,6
1861,wuuHj,1376859,257.22,4
1862,FftwV,1414432,3636.4,3
1863,PoVE,818505,2296.08,2
1864,qiwUL,2464818,1570.79,4
1865,mCXQb,3894573,207.54,7
1866,vZtgB,286609,4193.87,7
1867,nVhVJ,530924,4710.36,4
1868,pHqWO,128426,4243.09,4
1869,UOPk,2624780,1274.86,2
1870,POPa,2735356,2228.47,4
1871,KJvJ,2078058,1880.57,7
1872,mDXQsy,213219,4232.01,6
1873,edmd,3499409,4716.92,7
1874,WZfucT,3014413,3352.01,7
1875,xkzL,3073621,2865.86,3
1876,MtdzK,3860859,2361.9,6
1877,ahtr,2165627,3788.93,4
1878,bQjD,2509967,4409.49,2
1879,KJVqV,100385,4503.66,2
1880,DSHOi,110356,1823.11,3
1881,OwHQw,4374092,2672.9,7
1882,Hapq,283013,4198.0,3
1883,xWdje,4853794,4637.81,3
1884,VAFFY,2831834,2215.9,4
1885,yOSPHR,4248762,3608.86,7
1886,fxsy,885545,1510.35,5
1887,MLorT,3661905,3037.46,7
1888,HCsiT,1336726,1704.03,3
1889,YUSRoz,4372697,508.34,5
1890,GhNuHY,437515,3451.87,5
1891,jXbmmg,1096086,3672.67,2
1892,SpHs,128553,1338.96,3
1893,PQub,698630,315.84,7
1894,PEfIb,144328,2400.68,7
1895,cVEonu,319845,1738.37,4
1896,KJHUW,3781644,4883.36,2
1897,GqjX,4865134,3371.92,2
1898,PkSB,4816206,1105.47,2
1899,ywcVn,855507,658.94,2
1900,nZGOG,4439348,3198.33,2
1901,rJGPK,2431143,291.0,4
1902,HvrWw,3101570,4572.4,4
1903,ssxR,400939,2167.25,5
1904,ESSu,4337735,2449.63,6
1905,zoWrZ,3180124,3669.25,3
1906,qFHjV,3060070,917.77,6
1907,xwquop,4190876,2402.68,2
1908,ENeYb,1517693,3962.28,6
1909,EYjgNQ,3518382,1149.77,4
1910,wXty,2558460,961.28,5
1911,JXbREO,1039652,4114.54,5
1912,HYNvjt,4197704,4244.93,2
1913,LkftTf,2497165,2309.35,2
1914,gHFrbJ,2013592,935.63,4
1915,gDAGR,3795361,4915.53,5
1916,mThStB,1627696,3522.29,5
1917,MOcRYm,126928,4027.06,6
1918,GKnvu,2424044,2461.57,4
1919,HkNP,453510,4931.12,5
1920,Tssn,1616254,3653.05,2
1921,maFtI,3171910,1178.72,3
1922,CYGEp,162574,3746.15,2
1923,kSwRyO,1600822,3907.82,3
1924,LgZaD,3741680,3030.45,6
1925,IoIXM,1693078,4133.1,5
1926,SjcFF,1961638,2035.48,4
1927,ulBxtl,919344,3348.07,4
1928,bnXD,2981465,4433.94,4
1929,EfTWr,3162307,1839.5,4
1930,TYlW,2572296,3957.69,4
1931,VKns,3597635,3433.76,3
1932,iWfC,262296,3061.46,7
1933,lkNVR,4452208,1294.39,2
1934,kLZJd,295027,4671.97,5
1935,HxmKw,4535799,1389.74,4
1936,AovT,553100,4159.36,4
1937,oUCW,1513979,1367.18,3
1938,XVEiQl,1344932,805.55,2
1939,INPc,4908104,4218.88,7
1940,wMPzG,2114284,298.9,2
1941,FNkizL,2488209,300.46,5
1942,oBOKA,2642358,3639.76,2
1943,SKUK,1970259,2950.27,3
1944,ombIte,4676825,1733.29,4
1945,FIoKU,3992380,1667.84,7
1946,DXgoNJ,4956220,4074.3,2
1947,YQva,469507,4933.71,7
1948,zSrbPn,3574686,4171.27,4
1949,xbaer,1656545,1993.8,7
1950,KOcN,4432248,2146.19,7
1951,NXzMw,360109,1226.24,6
1952,QfaE,1552869,3718.93,6
1953,eejlfk,283299,1382.54,7
1954,VEFPg,920149,4661.51,2
1955,vLrJP,4222748,1812.37,4
1956,yjHtKy,1046981,3162.09,5
1957,SMBk,2934495,4358.65,2
1958,zrOAub,4928962,3656.48,5
1959,RSNUP,990158,4257.04,3
1960,RUQre,3985107,4808.07,2
1961,gNlLZy,2070786,2362.34,4
1962,wencp,3244735,4026.45,2
1963,iNnjAz,1957305,1849.47,3
1964,CsdRsX,4301021,4441.01,2
1965,bPtOjc,1294701,4725.86,2
1966,AUcF,2526566,3224.74,5
1967,uaMur,4086770,1278.24,7
1968,pAHC,3881341,1787.38,6
1969,hgrP,709352,3212.65,4
1970,lhFJqj,3398557,3061.25,7
1971,dqrsPK,3472552,1526.23,3
1972,iJKblr,2426049,4634.38,5
1973,vtCZeH,4807435,4636.62,4
1974,oBOuZ,4433593,4157.82,5
1975,mnNQX,208624,2849.73,5
1976,jCCdK,4604813,4526.04,5
1977,lYhlI,568036,1551.33,6
1978,VtINjQ,997322,3441.37,5
1979,UvqbQU,2864009,2736.36,2
1980,sHmCKj,1455982,1247.89,4
1981,CurA,2112371,2098.65,5
1982,OpiT,726423,4980.34,5
1983,aOwVrd,4721867,2929.73,2
1984,KsBrz,3594656,3536.22,5
1985,FhYeCG,4883243,3732.42,2
1986,JVRx,2329063,2450.96,7
1987,sbqrq,3536980,2170.09,5
1988,VzkwTQ,4742049,650.57,4
1989,dKoCB,4644692,1495.36,2
1990,xqUmOw,2481557,3318.61,3
1991,wtgGPS,3483031,2150.27,7
1992,jQuSco,2416763,1115.02,7
1993,xtaYKP,1411184,2706.48,4
1994,dbuJoZ,3084325,2250.17,3
1995,wZdxAf,23875,3683.75,3
1996,kCNhLW,2105093,2912.51,5
1997,UJUaK,4903299,4222.35,4
1998,jweCJ,164267,4007.2,7
1999,yhOx,3815813,4712.08,6
2000,DARZ,577306,3975.31,6
2001,UprRlq,1687315,1236.36,4
2002,lGbrI,2378123,3285.59,2
2003,YzNlp,412715,1428.03,6
2004,DJerP,3874012,1673.7,6
2005,RZYNI,3809137,1303.92,2
